step,phase,duration_seconds
fetch_source,before,0.1384
validate,before,0.0579
load_to_duckdb,before,0.6856
build_marts,before,0.1336
build_features,before,1.3196
fetch_source,before,0.1499
validate,before,0.0649
load_to_duckdb,before,0.8110
build_marts,before,0.2266
build_features,before,1.2817
fetch_source,before,0.1445
validate,before,0.0524
load_to_duckdb,before,0.6808
build_marts,before,0.2733
build_features,before,1.2594
fetch_source,after,0.1468
validate,after,0.0565
load_to_duckdb,after,0.8039
build_marts,after,0.1314
build_features,after,1.1397
fetch_source,after,0.1597
validate,after,0.0710
load_to_duckdb,after,0.7982
build_marts,after,0.1597
build_features,after,1.1139
fetch_source,after,0.1379
validate,after,0.0487
load_to_duckdb,after,0.6772
build_marts,after,0.1595
build_features,after,1.1467
